Workbook

Sheet 입력
A1: 항목 | B1: 값 | C1: 메모
A2: 기초현금(2026-10말) | B2: 1200000000 | C2: 가상 숫자
A3: 월 매출 | B3: 60000000 | C3: 가상 숫자
A4: 월 인건비 | B4: 85000000 | C4: 가상 숫자
A5: 월 임차료 | B5: 12000000 | C5: 가상 숫자
A6: 월 기타비용 | B6: 18000000 | C6: 가상 숫자
A7: 월 매출 성장률 | B7: 0.03 | C7: 가정

Sheet 런웨이
A1: 월 | B1: 기초현금 | C1: 매출 | D1: 인건비 | E1: 임차료 | F1: 기타비용 | G1: 순현금흐름 | H1: 기말현금 | J1: 요약
A2: 2026-11 | B2: =입력!$B$2 | C2: =입력!$B$3 | D2: =입력!$B$4 | E2: =입력!$B$5 | F2: =입력!$B$6 | G2: =C2-D2-E2-F2 | H2: =B2+G2 | J2: 평균 월 순현금흐름 | K2: =AVERAGE(G2:G13)
A3: 2026-12 | B3: =H2 | C3: =C2*(1+입력!$B$7) | D3: =입력!$B$4 | E3: =입력!$B$5 | F3: =입력!$B$6 | G3: =C3-D3-E3-F3 | H3: =B3+G3 | J3: 런웨이(개월, 기초현금/평균소진) | K3: =IF(K2<0,입력!B2/ABS(K2),"흑자")
A4: 2027-01 | B4: =H3 | C4: =C3*(1+입력!$B$7) | D4: =입력!$B$4 | E4: =입력!$B$5 | F4: =입력!$B$6 | G4: =C4-D4-E4-F4 | H4: =B4+G4 | J4: 12개월 내 현금 플러스 유지 월수 | K4: =COUNTIF(H2:H13,">0")
A5: 2027-02 | B5: =H4 | C5: =C4*(1+입력!$B$7) | D5: =입력!$B$4 | E5: =입력!$B$5 | F5: =입력!$B$6 | G5: =C5-D5-E5-F5 | H5: =B5+G5
A6: 2027-03 | B6: =H5 | C6: =C5*(1+입력!$B$7) | D6: =입력!$B$4 | E6: =입력!$B$5 | F6: =입력!$B$6 | G6: =C6-D6-E6-F6 | H6: =B6+G6
A7: 2027-04 | B7: =H6 | C7: =C6*(1+입력!$B$7) | D7: =입력!$B$4 | E7: =입력!$B$5 | F7: =입력!$B$6 | G7: =C7-D7-E7-F7 | H7: =B7+G7
A8: 2027-05 | B8: =H7 | C8: =C7*(1+입력!$B$7) | D8: =입력!$B$4 | E8: =입력!$B$5 | F8: =입력!$B$6 | G8: =C8-D8-E8-F8 | H8: =B8+G8
A9: 2027-06 | B9: =H8 | C9: =C8*(1+입력!$B$7) | D9: =입력!$B$4 | E9: =입력!$B$5 | F9: =입력!$B$6 | G9: =C9-D9-E9-F9 | H9: =B9+G9
A10: 2027-07 | B10: =H9 | C10: =C9*(1+입력!$B$7) | D10: =입력!$B$4 | E10: =입력!$B$5 | F10: =입력!$B$6 | G10: =C10-D10-E10-F10 | H10: =B10+G10
A11: 2027-08 | B11: =H10 | C11: =C10*(1+입력!$B$7) | D11: =입력!$B$4 | E11: =입력!$B$5 | F11: =입력!$B$6 | G11: =C11-D11-E11-F11 | H11: =B11+G11
A12: 2027-09 | B12: =H11 | C12: =C11*(1+입력!$B$7) | D12: =입력!$B$4 | E12: =입력!$B$5 | F12: =입력!$B$6 | G12: =C12-D12-E12-F12 | H12: =B12+G12
A13: 2027-10 | B13: =H12 | C13: =C12*(1+입력!$B$7) | D13: =입력!$B$4 | E13: =입력!$B$5 | F13: =입력!$B$6 | G13: =C13-D13-E13-F13 | H13: =B13+G13

Sheet 급여
A1: 이름 | B1: 기본급 | C1: 식대(비과세) | D1: 지급총액 | F1: 공제 요율(가정값, 실제 적용 전 확인 필요) | H1: 국민연금 | I1: 건강보험 | J1: 장기요양 | K1: 고용보험 | L1: 공제합계 | M1: 실지급액
A2: 직원A | B2: 4200000 | C2: 200000 | D2: =B2+C2 | F2: 국민연금(근로자) | G2: 0.045 | H2: =ROUNDDOWN(B2*$G$2,-1) | I2: =ROUNDDOWN(B2*$G$3,-1) | J2: =ROUNDDOWN(I2*$G$4,-1) | K2: =ROUNDDOWN(B2*$G$5,-1) | L2: =SUM(H2:K2) | M2: =D2-L2
A3: 직원B | B3: 3600000 | C3: 200000 | D3: =B3+C3 | F3: 건강보험(근로자) | G3: 0.03545 | H3: =ROUNDDOWN(B3*$G$2,-1) | I3: =ROUNDDOWN(B3*$G$3,-1) | J3: =ROUNDDOWN(I3*$G$4,-1) | K3: =ROUNDDOWN(B3*$G$5,-1) | L3: =SUM(H3:K3) | M3: =D3-L3
A4: 직원C | B4: 3000000 | C4: 200000 | D4: =B4+C4 | F4: 장기요양(건강보험료 대비) | G4: 0.1295 | H4: =ROUNDDOWN(B4*$G$2,-1) | I4: =ROUNDDOWN(B4*$G$3,-1) | J4: =ROUNDDOWN(I4*$G$4,-1) | K4: =ROUNDDOWN(B4*$G$5,-1) | L4: =SUM(H4:K4) | M4: =D4-L4
F5: 고용보험(근로자) | G5: 0.009
A6: 합계 | B6: =SUM(B2:B4) | C6: =SUM(C2:C4) | D6: =SUM(D2:D4) | H6: =SUM(H2:H4) | I6: =SUM(I2:I4) | J6: =SUM(J2:J4) | K6: =SUM(K2:K4) | L6: =SUM(L2:L4) | M6: =SUM(M2:M4)
